Leisiö-id	class	taso1	taso2	taso3	H-S	soitin	finna: äänite/esine	seko	notes	seko:hierarkia	skos:definition	soitin	mh-definition	Luokka	alaluokka	ryhmä	tyyppi
-	1.	Huilut				?		#N/A				Inkeriläinen paimenhuilu	Inkeriläinen paimenhuilu (paimensoittu, soittu) on tuohipäällysteinen soitin, joka muistuttaa rakenteeltaan nokkahuilua. Huilu valmistetaan halkaisemalla puolimetrinen puunoksa ja kovertamalla puoliskot. Huilun yläpuolelle tehdään viisi sormiaukkoa ja alapuolelle peukaloaukko. Huilun kieli vuollaan ohueksi, höyrytetään notkeaksi  ja painetaan pienen lastan avulla viistosti huilun sisälle.	Huilut			
-	1.	Huilut				luuhuilu		#N/A									
-	2.A.	Glottofonit eli lehdykkävärähtelijät	Klarinetit	Idioglottiset eli kiinteällä lehdykällä varustetut klar		pilli		http://urn.fi/urn:nbn:fi:au:seko:00776	pilli	huilusoitin > tulppakanavahuilu > pilli	Nimitystä käytetään monentyyppisistä puhallinsoittimista. Tässä sanastossa sillä tarkoitetaan "paimensoitinta".	Putkipilli	Putkipilli/jatkossoropilli on rakenteeltaan klarinettisoitin, joka valmistetaan kahdesta sisäkkäin työnnetystä putkikasvin varresta. Pillin pituus, yleensä noin  10-50 cm, määräytyy putkien pituuden mukaan. Ohuemman putken päähän on viilletty lehdykkä, joka värähtelee puhallettaessa.	Varsinaiset aerofonit	Glottofonit eli lehdykkävärähtelijät	Klarinetit	Idioglottiset eli kiinteällä lehdykällä varustetut klar
-	2.B.	Glottofonit eli lehdykkävärähtelijät	Oboet		422.1	oboesoitin		#N/A		puhallinsoitin > puupuhallin > lehdykkäpuhallinsoitin > oboesoitin	Kaksilehdykkäinen puhallinsoitin.	Musta torvisieni	Musta torvisieni on, paitsi erinomainen ruokasieni, myös hauska oboesoitin. Sitä soitetaan sienen varteen puhaltamalla niin, että varsi on kokonaan suussa. Vastaavanlaisia soittimia ovat voikukan varresta saatava varsipilli ja pillikkeestä irrotettava kukka, siis kukkapilli.	Varsinaiset aerofonit			
-	3.	Trumpetit				?		#N/A				Inkeriläinen hevostorvi	Inkeriläinen hevostorvi on halkaisutekniikalla rakennettu ja tuohella päällystetty puutrumpetti. Noin metrin mittaisen soittimen alapäässä on sonninsarvi kaikusuppilona. (kulkeutunut maahamme kansanmuusikko Teppo Revon mukana.)	Trumpetit			
-	3.B.	Trumpetit	Puutrumpetit	Sormiaukottomat puutrumpetit		?		#N/A				Lehmätorvi	Lehmätorvi on n. 30-40 cm pitkä, tuohella päällystetty, puutrumpetti. Sen muoto on hieman kaareva, ja lievästi soikion muotoisen alapään läpimitta on 5-7 cm.	Trumpetit	Puutrumpetit	Sormiaukottomat puutrumpetit	
-																	
?	3.A.2.	Trumpetit	Kuoritrumpetit	Sormiaukottomat tuohitrumpetit		truba	43/3	http://urn.fi/urn:nbn:fi:au:seko:01116	(berestjanka)	puhallinsoitin > tuohitorvi > truba	Valko-Venäjällä ja Inkerissä käytettävä sormiaukollinen tuohitorvi.						
?	3.C.	Trumpetit	Sarvitrumpetit			sarvitrumpetti	17/78	#N/A									
L001	A.1.1.1.	Huilut	Sylinterimäiset tulppakanavahuilut	Pääpuhalteiset, kiinteätulppaiset kanavahuilut, Avonaiset yläsärmäiset, Särmä on leikattu putkikasviin tai kuriputkeen		lötkö	melinda:2	http://urn.fi/urn:nbn:fi:au:seko:00632	lötkö (pilli)	huilusoitin > tulppakanavahuilu > pilli > lötkö (pilli)	Suomalainen, kansanomainen, pajunkuoresta tehty pilli.	Lötkö	Lötkö (mm. pajuhuilu, paju- ja leppäpilli) on kuoriputkesta tai putkikasvista valmistettu, 10-30 cm pitkä, alapäästään avoin huilu. Paksuudeltaan 2-3 cm:n huilun materiaaliksi sopii kuoriputken lisäksi mm. koiranputken varsi.	Huilut	Sylinterimäiset tai kartiomaiset tulppakanavahuilut	Pääpuhalteiset, kiinteätulppaiset kanavahuilut	Avonaiset: yläsärmäiset
L002	A.1.1.1.	Huilut	Sylinterimäiset tulppakanavahuilut	Pääpuhalteiset, kiinteätulppaiset kanavahuilut, Avonaiset yläsärmäiset, Särmä on leikattu putkikasviin tai kuriputkeen		torvihuilu	melinda:1	#N/A				Torvihuilu	Torvihuilu on tuohitorvi, jonka puhalluspäähän on työnnetty tulppa. Ilmakanavan aikaansaamiseksi tulpasta on vuoltu parimillinen lastu tuoheen puhkaistun särmäaukon kohdalta. Soitin on noin 60 cm pitkä.	Huilut	Sylinterimäiset tai kartiomaiset tulppakanavahuilut	Pääpuhalteiset, kiinteätulppaiset kanavahuilut	Avonaiset: yläsärmäiset
L003	A.1.1.1.	Huilut	Sylinterimäiset tulppakanavahuilut	Pääpuhalteiset, kiinteätulppaiset kanavahuilut, Avonaiset yläsärmäiset, Särmä on leikattu putkikasviin tai kuriputkeen		sormiaukollinen lötkö		#N/A				Lötkö	Sormiaukolliseen lötköön on vuoltu 2-4 sormiaukkoa ennen kuoren irrottamista. 				
L004	A:1.1.1.	Huilut	Sylinterimäiset tulppakanavahuilut	Pääpuhalteiset, kiinteätulppaiset kanavahuilut		kuumarihlattu pajupilli		#N/A				Kuumarihlattu pajupilli	Kuumarihlattu pajupilli on noin 25 cm pitkä, sormiaukollinen pajuhuilu. Soittimen suipossa puhalluspäässä on kuoriputkeen vuoltu särmäaukko ja irrallinen tulppa. Huilun alaosan poraus ja  sormiaukot on valmistettu polttamalla.	Huilut	Sylinterimäiset tai kartiomaiset tulppakanavahuilut	Pääpuhalteiset, kiinteätulppaiset kanavahuilut	Avonaiset: yläsärmäiset
L005	A.1.1.1.	Huilut	Sylinterimäiset tulppakanavahuilut	Pääpuhalteiset, kiinteätulppaiset kanavahuilut, Avonaiset yläsärmäiset, Särmä on leikattu putkikasviin tai kuriputkeen		jatkoslötkö	1	#N/A				Jatkoslötkö	Jatkoslötkö on kaksiosainen huilusoitin, jonka rakentamiseen käytetään 5 cm pitkä ja 2 cm paksu pajunoksa sekä 15-30 cm pitkä mäntyputki. Huilun puhalluspää muodostuu alapäästään avoimesta pajupillistä, jonka tulppa tukee kuoriputkea alapuolelta. Pajupilli työnnetään mäntyputkeen, johon on tehty 3-4 sormiaukkoa ja liitoskohta peitetään ohuella tuohisuikaleella.	Huilut	Sylinterimäiset tai kartiomaiset tulppakanavahuilut	Pääpuhalteiset, kiinteätulppaiset kanavahuilut	Avonaiset: yläsärmäiset
L006	A.1.1.1.	Huilut	Sylinterimäiset tulppakanavahuilut	Pääpuhalteiset, kiinteätulppaiset kanavahuilut, Avonaiset yläsärmäiset, Särmä on leikattu putkikasviin tai kuriputkeen		avoin kynäpiisku		#N/A	kynäpiisku			Kynäpiisku	Avoin kynäpiisku (pyypilli) on muutaman sentin mittainen sormiaukoton huilu, joka on valmistettu linnun sulan kynästä tai sääriluusta. Kynäpiiskun voi valaa myös tinasta.	Huilut	Sylinterimäiset tai kartiomaiset tulppakanavahuilut	Pääpuhalteiset, kiinteätulppaiset kanavahuilut	Avonaiset: yläsärmäiset
L007	A.1.1.2.	Huilut	Sylinterimäiset tulppakanavahuilut	Pääpuhalteiset, kiinteätulppaiset kanavahuilut, Avonaiset yläsärmäiset, Särmä on tehty luuhun tai metalliin		avoin metallipyypilli		http://urn.fi/urn:nbn:fi:au:seko:00825	pyypilli	huilusoitin > tulppakanavahuilu > pilli > pyypilli	Suomalainen kansanomainen tinapilli.	Avoin metallipyypilli	Avoin metallipyypilli (pyypilli) on 4-7 cm pitkä, tinasta tailyijystä valettu huilusoitin. 	Huilut	Sylinterimäiset tai kartiomaiset tulppakanavahuilut	Pääpuhalteiset, kiinteätulppaiset kanavahuilut	Avonaiset: yläsärmäiset
L008	A.1.1.3	Huilut	Sylinterimäiset tulppakanavahuilut	Pääpuhalteiset, kiinteätulppaiset kanavahuilut, Avonaiset yläsärmäiset, Särmä on viilletty puuputkeen		kazapilli	1	#N/A				Kazapilli	Kazapilli on 10-20 cm pitkä, sormiaukoton huilusoitin, joka on perinteisesti valmistettu vääntämällä valmistetusta mäntyputkesta. Pillin viistosta puhalluspäästä ilma ohjautuu tulpan ja rungon välistä särmäaukkoon.	Huilut	Sylinterimäiset tai kartiomaiset tulppakanavahuilut	Pääpuhalteiset, kiinteätulppaiset kanavahuilut	Avonaiset: yläsärmäiset
L009	A.1.1.3	Huilut	Sylinterimäiset tulppakanavahuilut	Pääpuhalteiset, kiinteätulppaiset kanavahuilut, Avonaiset yläsärmäiset, Särmä on viilletty puuputkeen		kaza		http://urn.fi/urn:nbn:fi:au:seko:00481	kaza (tulppakanavahuilu)	huilusoitin > tulppakanavahuilu > kaza (tulppakanavahuilu)	Karjalainen, kansanomainen huilusoitin.	Kaza	Kaza on mäntyputkesta valmistettu, sormiaukollinen huilu. Soittimessa on tylppä puhalluspää, kiinteä tulppa ja särmäaukko. Perinteisesti pajusta tai lepästä valmistetussa kazassa on ollut 2-5 sormiaukkoa.	Huilut	Sylinterimäiset tai kartiomaiset tulppakanavahuilut	Pääpuhalteiset, kiinteätulppaiset kanavahuilut	Avonaiset: yläsärmäiset
L010	A.1.1.3	Huilut	Sylinterimäiset tulppakanavahuilut	Pääpuhalteiset, kiinteätulppaiset kanavahuilut, Avonaiset yläsärmäiset, Särmä on viilletty puuputkeen		jatkoskaza		#N/A				Jatkoskaza	Jatkoskaza (mäntyhuilu) on kaksiosainen huilu, joka valmistetaan männystä vääntötekniikalla. 15-25 cm pitkän soittimen suukappaleessa on tulppa ja särmäaukko. Ohuemmassa, suukappaleen sisään työnnetyssä pidemmässä putkessa, on muutama sormiaukko. Jatkoskazasta on vain yksi tieto Varsinais-Suomesta; yleisesti sen voidaan katsoa olevan länsisuomalainen kehitelmä huilusta. 	Huilut	Sylinterimäiset tai kartiomaiset tulppakanavahuilut	Pääpuhalteiset, kiinteätulppaiset kanavahuilut	Avonaiset: yläsärmäiset
L011	A.1.2.	Huilut	Sylinterimäiset tulppakanavahuilut	Pääpuhalteiset, kiinteätulppaiset kanavahuilut, Avonaiset alasärmäiset		alasärmähuilu		#N/A				Alasärmähuilu	Alasärmähuilu (puupilli) on tulppakanavahuilu, jossa särmäaukko on tylpän puhalluspään alapuolella. Noin 25-45 cm pitkän huilun muoto on valmistettu sorvaamalla tai pintaa on koristeltu veistelemällä. Putki on valmistettu poikkeuksellisesti poraamalla ja 4-6 sormiaukkoa on tehty raudalla polttamalla.	Huilut	Sylinterimäiset tai kartiomaiset tulppakanavahuilut	Pääpuhalteiset, kiinteätulppaiset kanavahuilut	Avonaiset: alasärmäiset
L012	A.1.3.1.	Huilut	Sylinterimäiset tulppakanavahuilut	Pääpuhalteiset, kiinteätulppaiset kanavahuilut, Umpinaiset kiinteärunkoiset		normaalipajupilli		http://urn.fi/urn:nbn:fi:au:seko:00739	pajupilli	huilusoitin > tulppakanavahuilu > pajupilli	Kansanomainen tulppakanavahuilu.	Pajupilli / pyypilli	Pajupilli (mm. leppäpilli, -luiru, rakkopilli, karihuil) on noin 10 cm pitkä ja 1-3 cm paksu huilusoitin, jossa tulppa on kiinteä osa huilun rakennetta. Pillin rakennusaineena voidaan käyttää pajun ohella mm. leppää, haapaa ja pihlajaa.	Huilut	A. Sylinterimäiset tulppakanavahuilut		
L012B	A.1.3.1.	Huilut	Sylinterimäiset tulppakanavahuilut	Pääpuhalteiset, kiinteätulppaiset kanavahuilut, Umpinaiset kiinteärunkoiset		pyypilli		http://urn.fi/urn:nbn:fi:au:seko:00825		huilusoitin > tulppakanavahuilu > pilli > pyypilli	Suomalainen kansanomainen tinapilli.						
L013	A.1.3.1.	Huilut	Sylinterimäiset tulppakanavahuilut	Pääpuhalteiset, kiinteätulppaiset kanavahuilut, Umpinaiset kiinteärunkoiset		pillipäinen tuohitorvi		#N/A				Pillipäinen tuohitorvi	Pillipäinen tuohitorvi on pajupilli, jonka päällä on tuohisuppilo. Tuohitorven merkitys pajupillin ympärillä liittyy äänenväriin, eikä se lisää äänen kuuluvuutta.	Huilut	Sylinterimäiset tai kartiomaiset tulppakanavahuilut	Pääpuhalteiset, kiinteätulppaiset kanavahuilut	Umpinaiset: kiinteärunkoiset
L014	A.1.3.1.	Huilut	Sylinterimäiset tulppakanavahuilut	Pääpuhalteiset, kiinteätulppaiset kanavahuilut, Umpinaiset kiinteärunkoiset		tremolopilli		#N/A				Tremolopilli	Tremolopilli (mm. huilu, soro- ja loitsupilli) on halkaisijaltaan 2-3 cm:n mittainen pajupilli, jonka värähtelevän äänen aikaansaa puhaltamisen vaikutuksesta ilmakammiossa liikkuva pieni esine. Pillin sisälle voidaan laittaa esimerkiksi pieni puupallo, kivi, herne tai viljan jyviä.	Huilut	Sylinterimäiset tai kartiomaiset tulppakanavahuilut	Pääpuhalteiset, kiinteätulppaiset kanavahuilut	Umpinaiset: kiinteärunkoiset
L015	A.1.3.1.	Huilut	Sylinterimäiset tulppakanavahuilut	Pääpuhalteiset, kiinteätulppaiset kanavahuilut, Umpinaiset kiinteärunkoiset		sormiaukollinen normaalipajupilli		#N/A				Sormiaukollinen pajupilli	Sormiaukollinen pajupilli (pajupilli) on 15-40 cm pitkä ja 2-3 cm paksu huilusoitin, jonka kuoriputkeen on särmäaukon leikkaamisen yhteydessä tehty yksi tai useampi sormiaukko. Kuoren alla olevaa ilmakammiota on vastaavasti suurennettu. Pillin rakennusaineena voidaan käyttää pajun ohella mm. pihlajaa.	Huilut	Sylinterimäiset tai kartiomaiset tulppakanavahuilut	Pääpuhalteiset, kiinteätulppaiset kanavahuilut	Umpinaiset: kiinteärunkoiset
L016	A.1.3.1.	Huilut	Sylinterimäiset tulppakanavahuilut	Pääpuhalteiset, kiinteätulppaiset kanavahuilut, Umpinaiset kiinteärunkoiset		sointupilli		#N/A				Sointupilli	Sointupilli muodostuu paksuhkoon pajunoksaan rakennetuista 2-4 pajupillistä, joiden särmäaukot, ääniontelot ja ilmakanavat sijaitsevat vierekkäin, mutta erillään toisistaan. Sointupillien puhalluspää on tylppä.	Huilut	Sylinterimäiset tai kartiomaiset tulppakanavahuilut	Pääpuhalteiset, kiinteätulppaiset kanavahuilut	Umpinaiset: kiinteärunkoiset
L017	A.1.3.1.	Huilut	Sylinterimäiset tulppakanavahuilut	Pääpuhalteiset, kiinteätulppaiset kanavahuilut, Umpinaiset kiinteärunkoiset		pajupillisarja		#N/A				Pajupillisarja	Pajupillisarja rakennetaan kiinnittämällä erilliseen runkoon 5-8 pajupilliä, jotka on etukäteen pyritty virittämään diatonisen sävelasteikon mukaan. Pillien viritys onnistuu särmäaukon ja ilmakammion kokoa muuttamalla, minkä vuoksi ne ovat pituudeltaan ja/tai paksuudeltaan erikokoisia. Pajupillisarjoja on rakennettu sileistä pajun ja raidan oksista.	Huilut	Sylinterimäiset tai kartiomaiset tulppakanavahuilut	Pääpuhalteiset, kiinteätulppaiset kanavahuilut	Umpinaiset: kiinteärunkoiset
L018	A.1.4.1.	Huilut	Sylinterimäiset tulppakanavahuilut	Pääpuhalteiset, kiinteätulppaiset kanavahuilut; Umpinaiset osiorunkoiset		umpihuilu		http://urn.fi/urn:nbn:fi:au:seko:01161	umpihuilu (pihlajapilli, soropilli)	huilusoitin > tulppakanavahuilu > pilli > umpihuilu	Suomalainen kansanomainen, yleensä pajun, raidan tai lepän kuoresta tehty puhallinsoitin.	Umpihuilu	Umpihuilu (pihlaja- ja soropilli) rakennetaan pajun, raidan tai lepän kuoriputkesta. Materiaaliksi sopivat myös putkikasvit, luu ja metalli. 10-30 cm pitkässä, sormiaukottomassa umpihuilussa on tulppa puhalluspään ja särmäaukon välissä sekä putken alapäässä. 2-3 cm paksun huilun puhalluspää on tylppä tai viisto.	Huilut	Sylinterimäiset tai kartiomaiset tulppakanavahuilut	Pääpuhalteiset, kiinteätulppaiset kanavahuilut	Umpinaiset: osiorunkoiset
L019	A.1.4.1.	Huilut	Sylinterimäiset tulppakanavahuilut	Pääpuhalteiset, kiinteätulppaiset kanavahuilut; Umpinaiset osiorunkoiset		sormiaukollinen umpihuilu		#N/A									
L020	A.1.4.1.	Huilut	Sylinterimäiset tulppakanavahuilut	Pääpuhalteiset, kiinteätulppaiset kanavahuilut; Umpinaiset osiorunkoiset		mäntähuilu		http://urn.fi/urn:nbn:fi:au:seko:00691		huilusoitin > tulppakanavahuilu > mäntähuilu	Suomalainen, kansanomainen sormiaukoton huilusoitin, jonka säveltasoa voidaan muuttaa soittimen alapään tulppaa liikuttelemalla.	Mäntähuilu	Mäntähuilu on umpihuilun sovellutus, jossa soittimen ilmaontelon kokoa voi säätää pitkän ja liikuteltavan alatulpan avulla. Soittimen rakennusaineeksi sopii mm. pajun kuoriputki ja koiranputki.	Huilut	Sylinterimäiset tai kartiomaiset tulppakanavahuilut	Pääpuhalteiset, kiinteätulppaiset kanavahuilut	Avonaiset: yläsärmäiset
L020	A.1.4.1.	Huilut	Sylinterimäiset tulppakanavahuilut	Pääpuhalteiset, kiinteätulppaiset kanavahuilut; Umpinaiset osiorunkoiset		umpihuilusarja		#N/A				Umpihuilusarja	Umpihuilusarja muodostuu 5-10 suippopäisestä umpihuilusta, jotka on sijoitettu vierekkäin puupalikkaan veistettyihin koloihin. Soittimeen kuuluvat, pajusta tai putkikasvista rakennetut, pillit voidaan virittää muodostamaan diatonisen sävelasteikko. Virityksessä hyödynnetään huilun liikuteltavan alatulpan avulla säädettävää putken pituutta sekä pillien paksuutta.	Huilut	Sylinterimäiset tai kartiomaiset tulppakanavahuilut	Pääpuhalteiset, kiinteätulppaiset kanavahuilut	Umpinaiset: osiorunkoiset
L022	A.1.4.2.	Huilut	Sylinterimäiset tulppakanavahuilut	Pääpuhalteiset, kiinteätulppaiset kanavahuilut; Umpinaiset osiorunkoiset		petäjäpilli		#N/A	pilli			Petäjäpilli	Petäjäpilli (mäntypilli, huilu) on tehty perinteisesti männystä vääntötekniikalla. 8-15 cm pitkän huilun särmäaukko on parin senttimetrin päässä suiposta puhallusaukosta, ja alapää on umpinainen.	Huilut	Sylinterimäiset tai kartiomaiset tulppakanavahuilut	Pääpuhalteiset, kiinteätulppaiset kanavahuilut	Umpinaiset: osiorunkoiset
L023	A.1.4.2.	Huilut	Sylinterimäiset tulppakanavahuilut	Pääpuhalteiset, kiinteätulppaiset kanavahuilut; Umpinaiset osiorunkoiset		sointupilli		#N/A				Petäjähuilu	Petäjähuilu (mäntypilli, pajukaza) on vääntötekniikalla aikaansaadusta mäntyputkesta valmistettu 15-40 cm pitkä tulppakanavahuilu, jossa on 3-4 sormiaukkoa. 	Huilut	Sylinterimäiset tai kartiomaiset tulppakanavahuilut	Pääpuhalteiset, kiinteätulppaiset kanavahuilut	Umpinaiset: osiorunkoiset
L024	A.1.4.4.	Huilut	Sylinterimäiset tulppakanavahuilut	Pääpuhalteiset, kiinteätulppaiset kanavahuilut; Umpinaiset osiorunkoiset		umpinainen kynäpiisku		#N/A	kynäpiisku								
L025	A.1.4.4.	Huilut	Sylinterimäiset tulppakanavahuilut	Pääpuhalteiset, kiinteätulppaiset kanavahuilut; Umpinaiset osiorunkoiset		umpinainen metallipyypilli		#N/A									
L026	A.2.1.1.	Huilut	Sylinterimäiset tulppakanavahuilut	Siirtotulppaiset huilut; Avonaiset siirtotulppahuilut		siirtotulppainen luonnonsävelhuilu		#N/A				Siirtotulppainen luonnonsävelhuilu	Siirtotulppainen luonnonsävelhuilu (pajupilli, putki- ja nukkahuilu) on molemmista päistään avonainen soitin. Sormiaukottoman, noin 2 cm paksun, huilun pituus on 30-80 cm. Huilu on valmistettu pajun kuoriputkesta tai putkikasvista.	Huilut	Sylinterimäiset tai kartiomaiset tulppakanavahuilut	Siirtotulppaiset huilut	Avonaiset
L027	A:1.1.1.	Huilut	Sylinterimäiset tulppakanavahuilut	Pääpuhalteiset, kiinteätulppaiset kanavahuilut		siirtotulppainen sormiaukkohuilu		#N/A				Siirtotulppainen sormiaukkohuilu	Siirtotulppainen sormiaukkohuilu (huilu, putkihuilu) on pajun kuoriputkesta, ruo’on varresta tai putkikasvista valmistettu 30-80 cm pitkä soitin. Huilun puhalluspää on viisto ja sen päällä on puolipyöreä särmäaukko. Huilu, jonka tulppa muodostuu soittajan alahuulesta tai kielestä, asetetetaan soitettaessa vinosti alaspäin. Huilun alapää voi olla umpinainen tai avonainen.	Huilut	Sylinterimäiset tai kartiomaiset tulppakanavahuilut	Siirtotulppaiset huilut	
L028	A.2.1.2.	Huilut	Sylinterimäiset tulppakanavahuilut	Siirtotulppaiset huilut; Avonaiset siirtotulppahuilut		mäntyhuilu		http://urn.fi/urn:nbn:fi:au:seko:00814	> puuhuilu	huilusoitin > puuhuilu	Suomalainen kansanomainen puhallinsoitin.	Mäntyhuilu	Mäntyhuilu on puurunkoinen, molemmista päistään avonainen huilu, jossa on 2-8 sormiaukkoa. Huilun vinoksi leikatussa puhalluspäässä on ovaalinmuotoinen särmäaukko, ja tulpan muodostaa soittajan kieli tai alahuuli. Perinteisesti vääntötekniikalla valmistetun huilun pituus on noin 30 cm.	Huilut	Sylinterimäiset tai kartiomaiset tulppakanavahuilut	Siirtotulppaiset huilut	Avonaiset
L029	A.2.2.1.	Huilut	Sylinterimäiset tulppakanavahuilut	Siirtotulppaiset huilut; Umpinaiset siirtotulppahuilut		siirtotulppainen putkipill		#N/A				Siirtotulppainen putkipilli	Siirtotulppainen putkipilli (putkipilli) on sormiaukoton, putkikasvista tai kuoriputkesta valmistettu 5-10 cm pitkä huilu, jonka alapää on umpinainen. Viistoksi leikatun puhalluspään tulpan muodostaa soittajan alahuuli, ja ääni syntyy puhallusilman halkoessa puoliympyrän muotoisen särmäaukon suoraa sivua.	Huilut	Sylinterimäiset tai kartiomaiset tulppakanavahuilut	Siirtotulppaiset huilut	Umpinaiset
L030	A.2.2.1.	Huilut	Sylinterimäiset tulppakanavahuilut	Siirtotulppaiset huilut; Umpinaiset siirtotulppahuilut		siirtotulppainene pajupilli		#N/A				Siirtotulppainen pajupilli	Siirtotulppainen pajupilli (pajupilli) on sormiaukoton kuoriputkesta valmistettu 5-10 cm pitkä huilu, jonka alapää on umpinainen.	Huilut	Sylinterimäiset tai kartiomaiset tulppakanavahuilut	Siirtotulppaiset huilut	Umpinaiset
L031	A.3.1.1.1	Huilut	Sylinterimäiset tulppakanavahuilut	Sivupuhalteiset tulppakanavahuilut; yksisärmäiset, avonaiset		pitkähuilu		http://urn.fi/urn:nbn:fi:au:seko:00782		huilusoitin > reunahuilu > pitkähuilu	Suomalainen kansanomainen, pajunkuoresta tehty sormiaukoton huilu, jonka soittaminen perustuu putkesta saataviin yläsävelsarjoihin.	Pitkähuilu	Pitkähuilu (pajupilli) on kuoriputkesta valmistettu, alhaalta avoin huilusoitin. Sivupuhalteisen huilun puhalluspäässä on tulppa, jonka koveraksi vuoltu pinta ohjaa ilman särmäaukkoon.  Sormiaukottoman huilun pituus on 30-80 cm ja paksuus 1-4 cm. Pitkähuiluja on perinteisesti valmistettu pajun, haavan ja lepän oksista, mutta nykyään niitä tehdään myös muoviputkesta.	Huilut	Sylinterimäiset tai kartiomaiset tulppakanavahuilut	Sivupuhalteiset tulppakanavahuilut	
L032	A.3.1.1.1	Huilut	Sylinterimäiset tulppakanavahuilut	Sivupuhalteiset tulppakanavahuilut; yksisärmäiset, avonaiset		sormiaukollinen pitkähuilu		#N/A				Sormiaukollinen pitkähuilu	Sormiaukollinen pitkähuilu (pajupilli) on kuoriputkesta valmistettu, alapäästään avoin huilu, jonka pituus on 25-30 cm. Tämä sivupuhalteinen  huilu voidaan valmistaa mm. pajusta ja pihlajasta. Sormiaukollinen pitkähuilu on oletettavasti ollut harvinaisempi kuin lajin sormiaukoton versio, jolla melodioita muodostetaan puhalluksen voimakkuutta ja alapään sulkemista eriasteisesti muuttelemalla.	Huilut	Sylinterimäiset tai kartiomaiset tulppakanavahuilut	Sivupuhalteiset tulppakanavahuilut	
L033	A.3.1.1.2	Huilut	Sylinterimäiset tulppakanavahuilut	Sivupuhalteiset tulppakanavahuilut; yksisärmäiset, avonaiset		avoin sivupuhalteinen puuhuilu		http://urn.fi/urn:nbn:fi:au:seko:00814	puuhuilu	huilusoitin > puuhuilu	Suomalainen kansanomainen puhallinsoitin.	Avoin sivupuhalteinen puuhuilu	Avoin sivupuhalteinen puuhuilu rakennetaan puuputkesta, joka on perinteisesti valmistettu vääntötekniikalla männystä.  Aikaisemmin huilut olivat yleensä vain 10-15 cm pitkiä johtuen putken valmistustekniikasta. Huilun puhalluspäässä pitkähuilun tapaan putken ulkopuolelle ulottuva tulppa. Nykyään puuhuilu voidaan rakentaa mistä tahansa puulajista poraamalla tai halkaisutekniikalla. 	Huilut			
L034	A.3.1.2.1.	Huilut	Sylinterimäiset tulppakanavahuilut	Sivupuhalteiset tulppakanavahuilut; yksisärmäiset, umpinaiset, osiorunkoiset		umpinainen mäntyhuilu		#N/A									
L035	A.3.1.2.1.	Huilut	Sylinterimäiset tulppakanavahuilut	Sivupuhalteiset tulppakanavahuilut; yksisärmäiset, umpinaiset, osiorunkoiset		sivupuhalteinen liukuhuilu		http://urn.fi/urn:nbn:fi:au:seko:00608	> liukuhuilu	huilusoitin > tulppakanavahuilu > liukuhuilu	Suomalainen, kansanomainen, pajunkuoresta tehty puhallinsoitin.	Sivupuhalteinen liukuhuilu	Sivupuhalteinen liukuhuilu (pajupilli) on pajun kuoriputkesta valmistettu soitin, jolla musisoidaan liikuttelemalla putken alapäässä olevaa tulppaa edestakaisin. Noin 25 cm pitkästä huilusta on rakennettu sekä päästä soitettavia, että pitkähuiluperiaatteella toimivia, sivupuhalteisia malleja.	Huilut	Sylinterimäiset tai kartiomaiset tulppakanavahuilut	Pääpuhalteiset, kiinteätulppaiset kanavahuilut	Umpinaiset: osiorunkoiset
L036	A.3.1.2.2.	Huilut	Sylinterimäiset tulppakanavahuilut	Sivupuhalteiset tulppakanavahuilut; yksisärmäiset, umpinaiset, kiinteärunkoiset		sivupuhalteinen pajupilli		#N/A				Sivupuhalteinen pajupilli	Sivupuhalteinen pajupilli (pajupilli) on 10-15 cm pitkä pajupilli, jonka tulppa on vuoltu  kiinteästi pillin runkoon. Huilun äänionteloa on pidennetty noin 3 cm puhalluspään suuntaan. Se jatkuu onteloa puolet matalampana, ensin ilmakanavana ja  lopulta puhallusaukkona. Irtonainen kuoriputki, johon on viilletty särmä- ja puhallusaukko, on yhtenäinen sentin verran onteloidun puun molemmille puolille. Sivupuhalteinen pajupilli, pajupillin ja pitkähuilun yhdistelmä, lienee puhtaasti kotimainen keksintö.	Huilut	Sylinterimäiset tai kartiomaiset tulppakanavahuilut	Sivupuhalteiset tulppakanavahuilut	
L037	A.3.2.	Huilut	Sylinterimäiset tulppakanavahuilut	Sivupuhalteiset tulppakanavahuilut; kaksisärmäiset		pajupiipari		#N/A				Pajupiipari	Pajupiipari (pajupilli, kolmireikäinen pajupilli) on pajupillin muunnos, jossa on puhallusaukko kahden puolipyöreän särmäaukon välissä. Kuoren alla, keskellä pillin 20 cm pitkää runkoa, on kovera syvennys, jonka kummallakin puolella on varsinaiset ääniontelot.	Huilut	Sylinterimäiset tai kartiomaiset tulppakanavahuilut	Pääpuhalteiset, kiinteätulppaiset kanavahuilut	Umpinaiset: kiinteärunkoiset
L038	B.1.	Huilut	Kartiomaiset tulppakanavahuilut			koverrettu puuhuilu		#N/A				Koverrettu puuhuilu	Koverrettu puuhuilu on halkaisutekniikalla valmistettu kartiomainen puuhuilu, jonka saumakohtiin on liimattu kaksi pitkää tuohisiisnaa. Huiluun on veistetty neljä sormiaukkoa, ja rungon ympärille on kierretty narua tai tuohta.	Huilut	Sylinterimäiset tai kartiomaiset tulppakanavahuilut	Pääpuhalteiset, kiinteätulppaiset kanavahuilut	Avonaiset: yläsärmäiset
L039	C.1.	Huilut	Astiamaiset tulppakanavahuilut	Siirtotulppaiset astiahuilut		kämmenpilli		#N/A				Kämmenpilli	Kämmenpilli (mm. vislaus, kouruun puhaltaminen, kämmensoitto, peukalopeli) on huilusoitin, joka syntyy käsillä muodostetusta kämmenkourusta. Toinen etusormi asettuu poikittain vierekkäin asetettujen peukaloiden taakse ilmapatsaan jakavaksi särmäksi. Kouruun puhalletaan peukaloiden välistä.	Huilut	C. Astiamaiset tulppakanavahuilut	Siirtotulppaiset astiahuilut	
L040	C.2.1.1.	Huilut	Astiamaiset tulppakanavahuilut	Kiinteätulppaiset astiahuilut;Lintumaiset savihuilut, yläsärmäiset		korkea yläsärmäinen savikukko		#N/A				Korkea yläsärmäinen savikukko	Korkea yläsärmäinen savikukko on huilu, jonka korkeus on pituutta suu rempi. Jalustallisiin savikukkoihin on puhkaistu sormiaukko kummallekin sivulle.	Huilut	C. Astiamaiset tulppakanavahuilut	C.2. Kiinteätulppaiset astiahuilut	
L041	C.2.1.1.	Huilut	Astiamaiset tulppakanavahuilut	Kiinteätulppaiset astiahuilut;Lintumaiset savihuilut, yläsärmäiset		matala yläsärmäinen savikukko		#N/A				Matala yläsärmäinen savikukko	Matala yläsärmäinen savikukko on huilu, jonka pituus on korkeutta suurempi. Soittimen puhallusaukko on linnun pyrstössä ja ilma purkautuu ulos linnun selässä olevan aukon kautta. 	Huilut	C. Astiamaiset tulppakanavahuilut	C.2. Kiinteätulppaiset astiahuilut	
L042	C.2.1.1.	Huilut	Astiamaiset tulppakanavahuilut	Kiinteätulppaiset astiahuilut;Lintumaiset savihuilut, yläsärmäiset		vaihtelevan korkuinen savikukko		#N/A				Savikukko	Savikukko on yläsärmäinen savihuilu, jonka pituus ja korkeus ovat vaihdelleet.	Huilut	C. Astiamaiset tulppakanavahuilut	C.2. Kiinteätulppaiset astiahuilut	
L043	C.2.1.2.	Huilut	Astiamaiset tulppakanavahuilut	Kiinteätulppaiset astiahuilut;Lintumaiset savihuilut, alasärmäiset		korkea kukkopilli		http://urn.fi/urn:nbn:fi:au:seko:00719	> okariina	huilusoitin > tulppakanavahuilu > okariina	Useimmiten savesta valmistettu astiahuilu. Suomessa soitin on perinteisesti tehty kukon näköiseksi, mistä nimitys "kukkopilli".	Korkea kukkopilli	Korkea kukkopilli on alasärmäinen savihuilu, jonka korkeus on pituutta suurempi. Lajille tyypillisiä piirteitä ovat jalallisuus, huolellisesti muotoiltu harja ja heltta sekä pistekoristelu. 	Huilut	C. Astiamaiset tulppakanavahuilut	C.2. Kiinteätulppaiset astiahuilut	
L044	C.2.1.2.	Huilut	Astiamaiset tulppakanavahuilut	Kiinteätulppaiset astiahuilut;Lintumaiset savihuilut, alasärmäiset		matala kukkopilli		http://urn.fi/urn:nbn:fi:au:seko:00719	> okariina	huilusoitin > tulppakanavahuilu > okariina	Useimmiten savesta valmistettu astiahuilu. Suomessa soitin on perinteisesti tehty kukon näköiseksi, mistä nimitys "kukkopilli".	Matala kukkopilli	Matala kukkopilli on alasärmäinen savihuilu, jonka pituus on korkeutta suurempi. Lajille tunnusomaisia piirteitä ovat yksinkertaisuus ja viimeistelemättömyys. Huilusta on löydetty sormiaukottomia ja 2-aukkoisia malleja.	Huilut	C. Astiamaiset tulppakanavahuilut	C.2. Kiinteätulppaiset astiahuilut	
L045	C.2.2.	Huilut	Astiamaiset tulppakanavahuilut	Kiinteätulppaiset astiahuilut; Nukkemaiset savihuilut		nukkemainen savihuilu		#N/A				Nukkemainen savihuilu	Nukkemainen savihuilu on rakenteeltaan astia- tai lieriöhuilu, joka kuvaa nisäkästä. puhalluspilli tai imuke on sijoitettu yleensä tonttua tai tyttöä esittävän hahmon taakse. Lajin varianteissa ei ole ollut sormiaukkoja.	Huilut	C. Astiamaiset tulppakanavahuilut	C.2. Kiinteätulppaiset astiahuilut	
L046	D.1.	Huilut	Reunahuilut	Umpinaiset reunahuilut		vihellysputki		#N/A				Vihellysputki	Vihellysputki (mm. vihellys, putki, putkipilli, huilu) on alapäästään umpinainen reunahuilu. Huilun puhalluspää on suora tai vastakkaisista suunnista vinoksi leikattu. 10-40 cm pituisia vihellysputkia on valmistettu koiranputken ohella männystä, lepästä ja luusta. Soittimeen on toisinaan tehty 1-4 sormiaukkoa. Vihellysputkina on käytetty myös onttoputkisia avaimia ja luodin hylsyjä.	Huilut	D. Reunahuilut		
L047	D.2.	Huilut	Reunahuilut	 Liukuhuilut		liukuva reunahuilu		#N/A				Liukuva reunahuilu	Liukuva reunahuilu muodostuu kahdesta sisäkkäin työnnetystä putkesta,  jotka voivat olla esimerkiksi luuta, koiranputkea tai ruokoa. Alaosan yläpäästään umpinainen, liikuteltava tulppa voi myös olla puuta. Isomman yläputken sopiva halkaisija on 1,5-3 cm. Sen puhalluspään muoto on suora tai soittamisen helpottamiseksi harjamaiseksi leikattu. (erittäin harvinainen, Jyväskylän seudulla)	Huilut	D. Reunahuilut		
L048	D.3.	Huilut	Reunahuilut	Astiahuilut		raakku		#N/A				Raakku	Raakku on simpukankuoresta tehty reunahuilu	Huilut	D. Reunahuilut		
L049	2:A.1.1.1.	Glottofonit eli lehdykkävärähtelijät	Klarinetit	Idioglottiset klarinetit, ehytputkiset, lehdykkä viilletty onttoon kasvivarteen	422.2	sormiaukoton soropilli		http://urn.fi/urn:nbn:fi:au:seko:00975	sorapilli, olkipillli, ruokopilli	puhallinsoitin > puupuhallin > lehdykkäpuhallinsoitin > klarinettisoitin > soropilli	Karjalainen ruo'osta tai oljesta valmistettu kansanomainen puhallinsoitin.	Soropilli	Soropilli (mm. olki-, sora-, korsi-, ruokopilli ja kaza) on 5-50 cm pitkä klarinettisoitin, joka 2-3 cm mittainen lehdykkä on viilletty putkikasvin solmukohdan viereen. 	Varsinaiset aerofonit	Glottofonit eli lehdykkävärähtelijät	Klarinetit	Idioglottiset eli kiinteällä lehdykällä varustetut klar
L050	2:A.1.1.1.	Glottofonit eli lehdykkävärähtelijät	Klarinetit	Idioglottiset klarinetit, ehytputkiset, lehdykkä viilletty onttoon kasvivarteen	422.2	jatkossoropilli						Jatkossoropilli	Jatkossoropilli (putkipilli) on klarinettityyppinen soitin, joka valmistetaan kahdesta sisäkkäin työnnetystä putkikasvin varresta. Oletettavasti sormiaukottoman soittimen pituus on yleensä noin  10-50 cm.	Varsinaiset aerofonit	Glottofonit eli lehdykkävärähtelijät	Klarinetit	
L051	2:A.1.1.1.	Glottofonit eli lehdykkävärähtelijät	Klarinetit	Idioglottiset klarinetit, ehytputkiset, lehdykkä viilletty onttoon kasvivarteen	422.2	soropillisarja		#N/A				Soropillisarja	Soropillisarja on klarinettisoitin, joka voidaan rakentaa mm. oljesta, ruo’osta ja putkikasvin varresta. Yksittäisen pillin alapää on avoin ja umpinaiseen puhalluspäähän on vuoltu värähtelevä lehdykkä. Soitin koostuu muutamasta sormiaukottomasta pillistä, joilla soitetaan samanaikaisesti.	Varsinaiset aerofonit	Glottofonit eli lehdykkävärähtelijät	Klarinetit	Idioglottiset eli kiinteällä lehdykällä varustetut klar
L052	2.A.1.1.1.	Glottofonit eli lehdykkävärähtelijät	Klarinetit	Idioglottiset klarinetit, ehytputkiset, lehdykkä viilletty onttoon kasvivarteen	422.2	toropilli		http://urn.fi/urn:nbn:fi:au:seko:01107		puhallinsoitin > puupuhallin > lehdykkäpuhallinsoitin > klarinettisoitin > toropilli	Suomalainen kansanomainen, ruo'osta tai oljesta tehty klarinettisoitin, jossa on tuohinen kaikusuppilo.	Toropilli	Toropilli (tuohitorvi, tuohipilli, soropilli) on sormiaukoton olki- tai ruokopilli, jonka päässä on tuohesta kierretty kaikusuppilo. Tämän klarinettisoittimen lehdykkä voidaan viiltää myös onttoon pajuputkeen. Tuohisuppilon asemesta äänen voimakkuutta lisäämään on toisinaan käytetty nautaeläimen sarvea. Pillin pituus kaikusuppilon kera on 30-50 cm.	Varsinaiset aerofonit	Glottofonit eli lehdykkävärähtelijät	Klarinetit	Idioglottiset eli kiinteällä lehdykällä varustetut klar
L053	2.A.1.1.1.	Glottofonit eli lehdykkävärähtelijät	Klarinetit	Idioglottiset klarinetit, ehytputkiset, lehdykkä viilletty onttoon kasvivarteen	422.2	sormiaukollinen soropilli		http://urn.fi/urn:nbn:fi:au:seko:00975	soropilli	puhallinsoitin > puupuhallin > lehdykkäpuhallinsoitin > klarinettisoitin > soropilli	Karjalainen ruo'osta tai oljesta valmistettu kansanomainen puhallinsoitin.						
L054	2.A.1.1.1.	Glottofonit eli lehdykkävärähtelijät	Klarinetit	Idioglottiset klarinetit, ehytputkiset, lehdykkä viilletty onttoon kasvivarteen	422.2	sormiaukollinen toropilli		#N/A									
L055	2.A.1.1.1.	Glottofonit eli lehdykkävärähtelijät	Klarinetit	Idioglottiset klarinetit, ehytputkiset, lehdykkä viilletty onttoon kasvivarteen	422.2	jatkoputkellinen larnetti		#N/A									
L056	2.A.1.1.1.	Glottofonit eli lehdykkävärähtelijät	Klarinetit	Idioglottiset klarinetit, ehytputkiset, lehdykkä viilletty onttoon kasvivarteen	422.2	säkkipilli		http://urn.fi/urn:nbn:fi:au:seko:01024		puhallinsoitin > puupuhallin > lehdykkäpuhallinsoitin > oboesoitin > säkkipilli	Skalmeijatyyppinen puhallinsoitin, jota puhalletaan yleensä nahkaisen ilmasäiliön kautta.	Säkkipilli	Säkkipilli (maha, rakkopilli) on vasikan tai lehmän mahalaukusta tehty soitin. Rakkopillejä on tehty mm. sian virtsarakosta. Vanhan, kansanomaisen mallin mukaan säkkipilliin kuuluu vain kaksi putkea; esimerkiksi luusta tai messingistä valmistettu puhalluspilli sekä oletettavasti 6-8-reikäinen melodiapilli. Melodiapillin puisen sormiaukkoputken yläosassa, soittimen sisällä, on ruokoputkesta valmistettu klarinetin suukappale. Myöhemmin säkkipilleihin on alettu rakentaa eripituisia bordunapillejä säestämään melodiapillillä soitettavaa sävelmää.	Varsinaiset aerofonit	Glottofonit eli lehdykkävärähtelijät	Klarinetit	Idioglottiset eli kiinteällä lehdykällä varustetut klar
L057	2.A.1.1.2.	Glottofonit eli lehdykkävärähtelijät	Klarinetit	Idioglottiset klarinetit, ehytputkiset, lehdykkä viilletty puuvarteen	422.2	huulipilli		#N/A				Huulipilli	Huulipilli (leppäpilli, pajupilli, pilli) on noin  3-7 cm pitkä puuputki, jonka  puhalluspäähän on vuoltu ohut, parin sentin mittainen lehdykkä. Tämän sormiaukottoman klarinettisoittimen putki on valmistettu vääntötekniikalla lepästä, männystä, pajusta tai koivusta. Soittajan kieli toimii klarinetin tulppana.	Varsinaiset aerofonit	Glottofonit eli lehdykkävärähtelijät	Klarinetit	Idioglottiset eli kiinteällä lehdykällä varustetut klar
L058	2.A.1.1.2.	Glottofonit eli lehdykkävärähtelijät	Klarinetit	Idioglottiset klarinetit, ehytputkiset, lehdykkä viilletty puuvarteen	422.2	kelttitorvi		#N/A				Kelttitorvi	Kelttitorvi (pajutotto, paimentorvi, tuohitorvi) koostuu puurunkoisesta huulipillistä ja kaikusuppilosta, joka voi olla sarvea tai puunkuorta. Kelttipilli on saanut nimensä lehdykkäkappaleen materiaalin, männynkerkän eli keltin, mukaan. Pilliosa voidaan valmistaa myös pajusta ja lepästä. Torven pituus on 15-110 cm, riippuen torveksi kierrettävän tuohi- tai lepänkuorinauhan pituudesta.	Varsinaiset aerofonit	Glottofonit eli lehdykkävärähtelijät	Klarinetit	Idioglottiset eli kiinteällä lehdykällä varustetut klar
L059	A.1.1.2.	Huilut	Sylinterimäiset tulppakanavahuilut	Pääpuhalteiset, kiinteätulppaiset kanavahuilut, Avonaiset yläsärmäiset, Särmä on tehty luuhun tai metalliin		tronopilli		http://urn.fi/urn:nbn:fi:au:seko:01115		puhallinsoitin > puupuhallin > lehdykkäpuhallinsoitin > klarinettisoitin > tronopilli	Suomalainen kansanomainen, pajun rungosta tehty klarinettisoitin.	Tronopilli	Tronopilli (mäntypilli, pajupilli) tehdään vääntämällä aikaansaadusta noin 20 cm pitkästä mänty- tai pajuputkesta, jonka puhalluspäähän on vuoltu huuli pilli. Pillissä on 2-6 sormiaukkoa.	Varsinaiset aerofonit	Glottofonit eli lehdykkävärähtelijät	Klarinetit	Idioglottiset eli kiinteällä lehdykällä varustetut klar
L060	A.1.1.2.	Huilut	Sylinterimäiset tulppakanavahuilut	Pääpuhalteiset, kiinteätulppaiset kanavahuilut, Avonaiset yläsärmäiset, Särmä on tehty luuhun tai metalliin		kaikusuppilollinen tronopilli		#N/A				Kaikusuppilollinen tronopilli	Kaikusuppilollinen tronopilli (leppäpilli, pajupilli) on 20-50 cm pitkä puurunkoinen klarinettisoitin, jonka päässä on puun kuoresta tai sarvesta valmistettu kaikusuppilo. Pajusta tai männystä valmistetussa ehytseinäisessä putkessa on 2-6 sormiaukkoa, joiden sormenpesät on muotoiltu neliskanttisiksi tai pyöreiksi.	Varsinaiset aerofonit	Glottofonit eli lehdykkävärähtelijät	Klarinetit	Idioglottiset eli kiinteällä lehdykällä varustetut klar
L061	2.A.1.1.1.	Glottofonit eli lehdykkävärähtelijät	Klarinetit	Idioglottiset klarinetit, ehytputkiset, lehdykkä viilletty onttoon kasvivarteen	422.2	läveri		http://urn.fi/urn:nbn:fi:au:seko:00630		puhallinsoitin > puupuhallin > lehdykkäpuhallinsoitin > klarinettisoitin > läveri	Suomalainen, kansanomainen, sormiaukollinen klarinettisoitin.	Läveri	Läveri (leppäpilli, pajupilli) on noin 25 cm pitkä puurunkoinen klarinettisoitin, joka muodostuu sormiaukkoputken sisälle työnnetystä huulipillistä. Pajusta tai lepästä valmistetussa pillissä on 2-6 sormiaukkoa, joiden ympärille on vuoltu pyöreät sormenpesät.	Varsinaiset aerofonit	Glottofonit eli lehdykkävärähtelijät	Klarinetit	Idioglottiset eli kiinteällä lehdykällä varustetut klar
L062	2.A.1.1.1.	Glottofonit eli lehdykkävärähtelijät	Klarinetit	Idioglottiset klarinetit, ehytputkiset, lehdykkä viilletty onttoon kasvivarteen	422.2	lävikkö		http://urn.fi/urn:nbn:fi:au:seko:00631		puhallinsoitin > puupuhallin > lehdykkäpuhallinsoitin > klarinettisoitin > lävikkö	Suomalainen, kansanomainen, sormiaukollinen klarinettisoitin.	Lävikkö	Lävikkö (läveri, leppä- ja sarvipilli) on kolmiosainen klarinettisoitin, jonka kieli on viilletty onttoon puuputkeen tai ruokoon. Pajusta, lepästä tai männystä valmistetun, 15-20 cm pitkän, sormiaukkoputken päällä on 3-7 aukkoa melodioiden soittamista varten. Karjalaisalueella putkeen on tavallisesti koverrettu myös peukaloaukko.  Äänen voimakkuuden lisäämiseksi soittimessa on puunkuoresta tai sarvesta valmistettu kaikusuppilo.	Varsinaiset aerofonit	Glottofonit eli lehdykkävärähtelijät	Klarinetit	Idioglottiset eli kiinteällä lehdykällä varustetut klar
L063	A.1.1.2.	Huilut	Sylinterimäiset tulppakanavahuilut	Pääpuhalteiset, kiinteätulppaiset kanavahuilut, Avonaiset yläsärmäiset, Särmä on tehty luuhun tai metalliin		piiskuklarinetti		http://urn.fi/urn:nbn:fi:au:seko:00771	paimentorvi, tuohitorvi	puhallinsoitin > puupuhallin > lehdykkäpuhallinsoitin > klarinettisoitin > piisku	Suomalainen linnunsulasta tehty puhallinsoitin.	Piiskuklarinetti	Piiskuklarinetti (piisku, paimentorvi ja -huilu) on soitinakennustekniikoiden yhdistelmä. Vääntötekniikalla aikaansaadun 20-30 cm pitkän paju- tai mäntyputken puhalluspään yläosa on vuoltu ohueksi lehdykäksi. Sen alla ollut putken osa on korvattu erillisellä kappaleella, joka on onteloitu sisältä, mutta jätetty kärjestään umpinaiseksi. Klarinettiin on toisinaan koverrettu 3 sormiaukkoa ja/tai liitetty sen alapäähän tuohinen kaikusuppilo. Komeissa paimentorvissa on usein myös juuresta tai tuohesta punottu kantokahva.	Varsinaiset aerofonit	Glottofonit eli lehdykkävärähtelijät	Klarinetit	Osaheteroglottiset eli osittain kiinteällä lehdykällä v
L064	2.A.1.2.	Glottofonit eli lehdykkävärähtelijät	Klarinetit	Idioglottiset klarinetit, halkioputkiset		leropilli		http://urn.fi/urn:nbn:fi:au:seko:00596		puhallinsoitin > puupuhallin > lehdykkäpuhallinsoitin > klarinettisoitin > leropilli	Suomalainen, halkaistusta ja ontoksi koverretusta puusta tehty klarinettisoitin.	Leropilli	Leropilli (liropilli, pilli, lulletti) on puusta halkaisutekniikalla valmistettu klarinettisoitin. Pillissä on 2-8 polttamalla tehtyä sormiaukkoa, joihin on vuoltu sormenpesät. Koverretut puoliskot on liitetty yhteen narulla. Pillin päähän voidaan haluttaessa liittää ääntä voimistava tuohisuppilo.	Varsinaiset aerofonit	Glottofonit eli lehdykkävärähtelijät	Klarinetit	Idioglottiset eli kiinteällä lehdykällä varustetut klar
L065	2.A.2.	Glottofonit eli lehdykkävärähtelijät	Klarinetit	Osaheteroglottiset klarinetit		sormiaukoton kärjennoukka		http://urn.fi/urn:nbn:fi:au:seko:00568	kärjennoukka	puhallinsoitin > puupuhallin > lehdykkäpuhallinsoitin > klarinettisoitin > kärjennoukka	Eteläpohjalainen puhallinsoitin (klarinetti).	Kärjennoukka	Kärjennoukka (mm. häriänneukka, porsaanhuuli, puavopilli) on noin 10 cm pitkä, halkioputkinen klarinettisoitin. Putken alimmainen puolisko on koverrettu puhalluspään reunaa lukuunottamatta. Päällyskappaleessa on muutaman sentin pituinen, ohut kieli. Koverretut puoliskot on liitetty yhteen mm. vitsaksella, ruohositeellä, kuoriputkella tai soittamisen aikana sormin puristaen. Kärjennoukan voi tehdä mm. pajusta, lepästä, koivusta ja katajasta.	Varsinaiset aerofonit	Glottofonit eli lehdykkävärähtelijät	Klarinetit	Osaheteroglottiset eli osittain kiinteällä lehdykällä v
L066	2.A.2.	Glottofonit eli lehdykkävärähtelijät	Klarinetit	Osaheteroglottiset klarinetit		sormiaukoton hautatorvi		#N/A				Hautatorvi	Hautatorvi syntyy, kun kärjennoukkaan liitetään tuohesta tai lepänkuoresta kaikusuppilo. ... Lajina sormiaukoton hautatorvi on jäänyt sormiaukollisen varianttinsa varjoon. 	Varsinaiset aerofonit	Glottofonit eli lehdykkävärähtelijät	Klarinetit	Osaheteroglottiset eli osittain kiinteällä lehdykällä v
l067	2.A.2.	Glottofonit eli lehdykkävärähtelijät	Klarinetit	Osaheteroglottiset klarinetit		sormiaukollinen kärjennoukka		http://urn.fi/urn:nbn:fi:au:seko:00568	kärjennoukka	puhallinsoitin > puupuhallin > lehdykkäpuhallinsoitin > klarinettisoitin > kärjennoukka	Eteläpohjalainen puhallinsoitin (klarinetti).	Kärjennoukka	Sormiaukollinen kärjennoukka (mm. käriännoukka, planeetti, leppäpilli) on soittimen 15-30 cm pitkä versio, johon on kaiverrettu 3-5 sormenpesillä varustettua sormiaukkoa.				
l068	2.A.2.	Glottofonit eli lehdykkävärähtelijät	Klarinetit	Osaheteroglottiset klarinetit		sormiaukollinen hautatorvi		http://urn.fi/urn:nbn:fi:au:seko:00399	hautatorvi	puhallinsoitin > puupuhallin > lehdykkäpuhallinsoitin > klarinettisoitin > hautatorvi	Suomalainen kansanomainen, halkaistusta puupalasesta (kaikusuppilo tuohesta) tehty klarinettisoitin.	Hautatorvi	Hautatorvi syntyy, kun kärjennoukkaan liitetään tuohesta tai lepänkuoresta kaikusuppilo. ... Lajina sormiaukoton hautatorvi on jäänyt sormiaukollisen varianttinsa varjoon. 	Trumpetit			
L069	2.A.2	Glottofonit eli lehdykkävärähtelijät	Klarinetit	Osaheteroglottiset klarinetit		sporkkaklarinetti		#N/A				Sporkkaklarinetti	Sporkkaklarinetti (sporkka- ja mäntyhuilu) on 25-35 cm pitkä klarinettisoitin, joka  koostuu kahdesta sisäkkäin olevasta putkesta. Sormiaukkoputki on perinteisesti valmistettu männystä tai pajusta vääntämällä sydänpuu irti ulommaisista vuosilustoista. Putken sisäosasta on valmistettu halkaisemalla pienikokoinen kärjennoukka, jonka puoliskot alaosan putki puristaa tehokkaasti yhteen. Soittimessa on ollut yleensä kolme sormiaukkoa.	Varsinaiset aerofonit	Glottofonit eli lehdykkävärähtelijät	Klarinetit	Osaheteroglottiset eli osittain kiinteällä lehdykällä v
L070	2.A.3.1.1.	Glottofonit eli lehdykkävärähtelijät	Klarinetit	Heteroglottiset klarinetit, ehytputkiset, putki on sarviainetta		sarviklarinetti		#N/A				Sarviklarinetti	Sarviklarinetti on pukin- tai nautaeläimen sarvesta valmistettu soitin. Sen vinoksi sahatun puhalluspään eteen on kiinnitetty ohut, yleensä tuohesta tai katajasta valmistettu lehdykkä. Sormiaukkoja klarinetissa on 2-6 kappaletta.	Varsinaiset aerofonit	Glottofonit eli lehdykkävärähtelijät	Klarinetit	Heteroglottiset eli irtonaisella lehdykällä varustetut
L071	2.A.3.1.2.	Glottofonit eli lehdykkävärähtelijät	Klarinetit	Heteroglottiset klarinetit, ehytputkiset, putki on puuta		sormiaukoton mänkeri		http://urn.fi/urn:nbn:fi:au:seko:00690	mänkeri	puhallinsoitin > puupuhallin > lehdykkäpuhallinsoitin > klarinettisoitin > mänkeri	Suomalainen, klarinettityyppinen, kansanomainen puhallinsoitin.	Mänkeri	Mänkeri (mäntyhuilu ja -pilli sekä holkki- ja loppipilli) on klarinettisoitin, joka perinteisesti rakennettu vääntötekniikalla irrotetusta 10-30 cm pitkästä mäntyputkesta. Klarinetin viistoon puhalluspäähän on kiinnitetty narulla ohut tuohi- tai katajalehdykkä.  Putken alapäähän on toisinaan kierretty tuohesta pieni kaikusuppilo. Sormiaukottomia mänkereitä on valmistettu männyn ohella myös naudan sääriluusta, koiranputkesta ja savukkeen imukkeesta.	Varsinaiset aerofonit	Glottofonit eli lehdykkävärähtelijät	Klarinetit	Heteroglottiset eli irtonaisella lehdykällä varustetut
L072	2.A.3.1.2.	Glottofonit eli lehdykkävärähtelijät	Klarinetit	Heteroglottiset klarinetit, ehytputkiset, putki on puuta		sormiaukoton klarinettitorvi		#N/A	klarinettitorvi			Klarinettitorvi	Klarinettitorvi (tuohi- ja paementorvi) on 50-100 cm pitkä torvi, joka koostuu ehytputkisesta lehdykkäkappaleesta ja tuohisesta kaikusuppilosta. Klarinetin suukappale on valmistettu lepästä, männystä tai haavasta, ja varsinainen lehdykkä on katajaa, tuohta tai luuta. Kaikusuppilon pinnalle voidaan kääriä sisä- tai ulkotuohi, ja kierrokset päätellään tuohisoljella, vitsaksella tai halkaistulla puutikulla.	Varsinaiset aerofonit	Glottofonit eli lehdykkävärähtelijät	Klarinetit	Heteroglottiset eli irtonaisella lehdykällä varustetut
L073	2.A.3.1.2.	Glottofonit eli lehdykkävärähtelijät	Klarinetit	Heteroglottiset klarinetit, ehytputkiset, putki on puuta		sormiaukollinen klarinettitorvi		#N/A	klarinettitorvi			Sormiaukollinen klarinettitorvi	Sormiaukollinen klarinettitorvi (luuru- ja tuohitorvi, tuohihuilu) on katajasta poraamalla valmistettu 1-3-aukkoinen soitin, jonka päässä on 40-100 cm pitkä tuohinen kaikusuppilo. Ohut lehdykkä on valmistettu katajasta.	Varsinaiset aerofonit	Glottofonit eli lehdykkävärähtelijät	Klarinetit	Heteroglottiset eli irtonaisella lehdykällä varustetut
L074	2.A.3.1.2	Glottofonit eli lehdykkävärähtelijät	Klarinetit	Heteroglottiset klarinetit, ehytputkiset, putki on puuta		sormiaukollinen mänkeri		#N/A									
L075	2.A.3.1.2.	Glottofonit eli lehdykkävärähtelijät	Klarinetit	Heteroglottiset klarinetit, ehytputkiset, putki on puuta		liimalehdykkäinen klarinetti		http://urn.fi/urn:nbn:fi:au:seko:00512	klarinetti	puhallinsoitin > puupuhallin > lehdykkäpuhallinsoitin > klarinettisoitin > klarinetti	Eurooppalainen puupuhallin, jossa on yksinkertainen värähtelevä ruokolehti.	Liimalehdykkäinen klarinetti	Liimalehdykkäinen klarinetti (tronopilli) muodostuu männystä väännetystä putkesta, jonka yläpäähän on vuoltu muutaman sentin pituinen, suorakaiteen muotoinen lovi. Puhallluspää on tukittu tulpalla ja aukon kohdalle on liimattu ohut puinen lehdykkä. Noin 20 cm pitkä soitin on muotoiltu kartiomaiseksi ja siihen on poltettu kolme sormiaukkoa.	Varsinaiset aerofonit	Glottofonit eli lehdykkävärähtelijät	Klarinetit	Heteroglottiset eli irtonaisella lehdykällä varustetut
L076	2.A.3.1.2.	Glottofonit eli lehdykkävärähtelijät	Klarinetit	Heteroglottiset klarinetit, ehytputkiset, putki on puuta		lanetti		#N/A				Lanetti	Lanetti (leppätorvi, paimentorvi, liru) on 25-50 cm pitkä, ehytputkinen klarinettisoitin, joka on rakennettu lepästä tai koivusta. Lanetin vinoon puhalluspäähän kiinnitetty katajalehdykkä on samalla puolella, kuin putken yläosaan tehdyt  3-7 sormiaukkoa.  Toisinaan sormiaukot on järjestetty omalaatuisesti lomittain, ja joskus soittimeen on tehty myös peukaloaukko. Lanetin parisenttinen putki laajenee sormiaukkojen alapuolella voimakkaasti, lähes kymmensenttiseksi kaikusuppiloksi.	Varsinaiset aerofonit	Glottofonit eli lehdykkävärähtelijät	Klarinetit	Heteroglottiset eli irtonaisella lehdykällä varustetut
L077	2.A.3.1.3.	Glottofonit eli lehdykkävärähtelijät	Klarinetit	Heteroglottiset klarinetit, ehytputkiset, kuoriputkiset		kuoriklarinetti		#N/A				Kuoriklarinetti	Kuoriklarinetti on 40-100 cm pitkä, tuohinauhasta suoraksi tai käyräksi muotoiltu  kartiomainen soitin. Klarinetin puhalluspäähän on tuohikierteiden väliin kiinnitetty ohut tuohikieli.	Varsinaiset aerofonit	Glottofonit eli lehdykkävärähtelijät	Klarinetit	Heteroglottiset eli irtonaisella lehdykällä varustetut
L078	2.A.3.2.1.	Glottofonit eli lehdykkävärähtelijät	Klarinetit	Heteroglottiset klarinetit, halkioputkiset, putki on puuta		halkioputkinen klarinettitorvi		#N/A	klarinettitorvi			Halkioputkinen klarinettitorvi	Halkioputkinen klarinettitorvi on lehdykkäkappaleesta ja tuohisesta kaikusuppilosta koostuva, 35-80 cm pitkä soitin. Vitsaksella tai pajunkuorella sidottu suukappale on leppää, mäntyä tai koivua; lehdykkä on tehty tuohesta tai katajasta. Toisinaan torveen on tehty pari sormiaukkoa.	Varsinaiset aerofonit	Glottofonit eli lehdykkävärähtelijät	Klarinetit	Heteroglottiset eli irtonaisella lehdykällä varustetut
L079	2.A.3.2.1.	Glottofonit eli lehdykkävärähtelijät	Klarinetit	Heteroglottiset klarinetit, halkioputkiset, putki on puuta		puinen sarviklarinetti		#N/A				Puinen sarviklarinetti	Puinen sarviklarinetti (pukinsarvi) on halkaistusta puusta valmistettu ja tuohella päällystetty sarvenmallinen soitin, jonka viistoon puhalluspäähän on kiinnitetty männystä tai katajasta vuoltu ohut kieli. Noin 40 cm pitkän soittimen keskivaiheille on tehty neljä sormenpesillä viimeisteltyä sormiaukkoa.	Varsinaiset aerofonit	Glottofonit eli lehdykkävärähtelijät	Klarinetit	Heteroglottiset eli irtonaisella lehdykällä varustetut
L080	2.A.3.2.1	Glottofonit eli lehdykkävärähtelijät	Klarinetit	Heteroglottiset klarinetit, halkioputkiset, putki on puuta		luttu		#N/A				Luttu	Luttu (tuohitorvi, luddu, brelo) on 40-60 cm pitkä, koverretuista oksanpuolikkaista rakennettu klarinetti. Sen kapea puhalluspää laajenee 2-4 sormiaukon jälkeen vähitellen 4-7 cm laajuiseksi lieriöksi. Sormenpesillä ympäröidyt salmiakkimaiset sormiaukot muodostuvat liitoskohdan keskelle. Tuohipeitteisen lutun runkomateriaaliksi sopivat leppä ja haapa; lehdykkä on katajaa.	Varsinaiset aerofonit	Glottofonit eli lehdykkävärähtelijät	Klarinetit	Heteroglottiset eli irtonaisella lehdykällä varustetut
L081	2.A.3.2.1	Glottofonit eli lehdykkävärähtelijät	Klarinetit	Heteroglottiset klarinetit, halkioputkiset, putki on puuta		liru		http://urn.fi/urn:nbn:fi:au:seko:00604		puhallinsoitin > puupuhallin > lehdykkäpuhallinsoitin > klarinettisoitin > liru	Karjalainen puhallinsoitin.	Liru	Liru (pilli, brelo,truba) on 25-50 cm pitkä, lepästä tai haavasta halkaisutekniikalla rakennettu klarinettisoitin. Tuohipäällysteisen soittimen puhalluspäähän on liitetty katajasta valmistettu ohut lehdykkä tuohinauhan avulla. Lirun kolme tai neljä sormiaukkoa sijaitsevat puolivälissä putkea, joka on alapäästään kartiomainen.	Varsinaiset aerofonit	Glottofonit eli lehdykkävärähtelijät	Klarinetit	Heteroglottiset eli irtonaisella lehdykällä varustetut
L082	2.B.1.	Glottofonit eli lehdykkävärähtelijät	Oboet		422.1	varsipilli		#N/A				Varsipilli	Varsipilli (mm. pilli, voikukkapilli, putkisoittu, soropilli) on oboesoitin, joka syntyy yksinkertaisimmillaan litistämällä esimerkiksi voikukan, oljen tai ruoholaukan varsi. Useimmiten sormiaukottoman varsipillin pituus on 3-20 cm. Eripituiset, sopivasti viritetyt, varsipillit voidaan koota rinnakkain tuohiliuskan väliin melodioiden soittamista varten.	Varsinaiset aerofonit	Glottofonit eli lehdykkävärähtelijät	Oboet	
L083	2.B.1.	Glottofonit eli lehdykkävärähtelijät	Oboet		422.1	kukkapilli		#N/A				Kukkapilli	Kukkapilli (kukka, pilli, soittopilli) on yksinkertainen oboe, jota soitetaan kukan pitkänomaiseen kukkaperään puhaltamalla. Soittimiksi käyvät  mm. pillikkeen, kissankellon ja puna-apilan kukat.	Varsinaiset aerofonit	Glottofonit eli lehdykkävärähtelijät	Oboet	
L084	2.B.1	Glottofonit eli lehdykkävärähtelijät	Oboet		422.1	palkopilli		#N/A				Palkopilli	Palkopilli on oboesoitin, jonka materiaaliksi sopii siperianhernepensaan palko. Avonaiseen, siemenistä puhdistettuun palkoon puhalletaan tylpäksi katkaistusta tyvipäästä.	Varsinaiset aerofonit	Glottofonit eli lehdykkävärähtelijät	Oboet	
L085	3.A.1.	Trumpetit	Kuoritrumpetit	Sormiaukottomat kuoritrumpetit		leppätrumpetti		#N/A									
L086	3.A.1.	Trumpetit	Kuoritrumpetit	Sormiaukottomat kuoritrumpetit		tuohitrumpetti		http://urn.fi/urn:nbn:fi:au:seko:01143	tuohitorvi, tanotorvi	puhallinsoitin > tuohitorvi	Suomalainen tuohesta tehty puhallinsoitin.	Tuohitrumpetti	Tuohitrumpetti (mm. tano- ja karhutorvi, ämyri ja tyytty) on koivun tai lepän tuohinauhasta kierretty torvi, jonka alapää on sidottu osittain halkaistulla oksanpätkällä. Tämän 10-200 cm pitkän sormiaukottoman torven muoto on vaihdellut käyrästä suoraan käytettävän tuohen pituuden, leveyden ja paksuuden mukaan. Tuohesta on kääritty näkyviin vaihtelevasti pinta- ja välituohi. Toisinaan tuohisuppilo on kääritty puuputkesta valmistetun suukappaleen ympärille puhaltamisen helpottamiseksi.	Trumpetit	Kuoritrumpetit		
L087	2.A.2.	Glottofonit eli lehdykkävärähtelijät	Klarinetit	Osaheteroglottiset klarinetit		sormiaukollinen kuoritrumpetti		#N/A	ei tällä niimellä. borija?								
L088	3.B.1.1.1.	Trumpetit	Puutrumpetit	Sormiaukottomat puutrumpetit, Halkioputkiset, Suorat ja päällystetyt		luikkuri		#N/A	> luikku								
L088A	3.B.1.1.1.	Trumpetit	Puutrumpetit	Sormiaukottomat puutrumpetit, Halkioputkiset, Suorat ja päällystetyt		luikku		http://urn.fi/urn:nbn:fi:au:seko:00614	(luikuri)	trumpettisoitin > puutrumpetti > luikku	Suomalainen tuohinauhalla päällystetty puinen puhallinsoitin.	Luikku	Luikku (luikuri, luikkuri) on suora, yleensä 80-150 cm pitkä puutrumpetti. Sen pitkä ja kapea varsi laajenee halkaisijaltaan enintään 10 cm laajaksi, lyhyehköksi kaikusuppiloksi. Kansankulttuurin piirissä luikku on rakennettu useimmiten haavasta tai lepästä. Puurungon ympärille on tavallisesti kierretty tuohinauha, mutta myös juurikierrettä on käytetty.	Trumpetit	Puutrumpetit	Sormiaukottomat puutrumpetit	
L088B	3.B.1.1.1.	Trumpetit	Puutrumpetit	Sormiaukottomat puutrumpetit, Halkioputkiset, Suorat ja päällystetyt		totto		#N/A									
L089	3.B.1.1.1	Trumpetit	Puutrumpetit	Sormiaukottomat puutrumpetit, Halkioputkiset, Suorat ja päällystetyt		brelo		http://urn.fi/urn:nbn:fi:au:seko:00154		trumpettisoitin > brelo	Karjalainen, puinen puhallinsoitin.	Brelo	Brelo on puurunkoinen, tuohella päällystetty 650 – 130 cm:n pituinen sormiaukoton trumpettisoitin, jonka putki päättyy irralliseen kaikusuppiloon. Kaikusuppilon materiaalina on toiminut vahva tuohinauha, pelti ja lehmänsarvi. 	Trumpetit			
L090	3.B.1.1.1.	Trumpetit	Puutrumpetit	Sormiaukottomat puutrumpetit, Halkioputkiset, Suorat ja päällystetyt		reno		#N/A									
L091	3.B.1.1.1.	Trumpetit	Puutrumpetit	Sormiaukottomat puutrumpetit, Halkioputkiset, Suorat ja päällystetyt		rukoustorvi		#N/A									
L092	3.B.1.1.1.	Trumpetit	Puutrumpetit	Sormiaukottomat puutrumpetit, Halkioputkiset, Suorat ja päällystetyt		turu		http://urn.fi/urn:nbn:fi:au:seko:01145	túru (side-blown trumpet) (LCMPT)	vaskipuhallin > turu	Karjalainen kansanomainen puutrumpettisoitin.						
L093	3.B.1.1.2	Trumpetit	Puutrumpetit	Sormiaukottomat puutrumpetit, Halkioputkiset, Suorat ja päällystämättömät		vannetrumpetti		#N/A				Vannetrumpetti	Vannetrumpetti (ranvahtitorvi, kirnutorvi) on suorana laajeneva, yleensä 50-100 cm pitkä, päällystämätön puutrumpetti. Lepästä, haavasta tai katajasta koverretut puolikkaat on puristettu tiukasti toisiaan vasten kataja- tai rautavanteilla. Suomenkielisten käyttämässä torvimallissa poraus on myötäillyt profiilia. Ruotsinkielisten tuohella päällystetyssä ranvahtitorvessa on sitävastoin kolmiosainen, portaittain laajeneva poraus.	Trumpetit	Puutrumpetit	Sormiaukottomat puutrumpetit	
L094	3.B.1.1.3.	Trumpetit	Puutrumpetit	Sormiaukottomat puutrumpetit, Halkioputkiset, Käyrät ja päällystetyt		polvitorvi		http://urn.fi/urn:nbn:fi:au:seko:00790		puhallinsoitin > polvitorvi	Suomalainen (karjalainen), kansanomainen, puuosista koottu trumpettisoitin.						
L095	3.B.1.1.3	Trumpetit	Puutrumpetit	Sormiaukottomat puutrumpetit, Halkioputkiset, Käyrät ja päällystetyt		pyörötrumpetti		#N/A									
L096	3.B.1.1.3	Trumpetit	Puutrumpetit	Sormiaukottomat puutrumpetit, Halkioputkiset, Käyrät ja päällystetyt		mutkaluikku		#N/A									
L097	3.B.1.2.1.	Trumpetit	Puutrumpetit	Sormiaukottomat puutrumpetit, Ehytputkiset, Suorat		luikka		#N/A									
L098	3.B.1.2.2.	Trumpetit	Puutrumpetit	Sormiaukottomat puutrumpetit, Ehytputkiset, Käyrät		susitorvi		#N/A									
L099	3.B.2.1.1.	Trumpetit	Puutrumpetit	Sormiaukottomat puutrumpetit, Halkioputkiset, Suorat ja päällystetyt		rožok		http://urn.fi/urn:nbn:fi:au:seko:00861		vaskipuhallin > rožok	Venäläinen trumpettimainen paimentorvi.	Rozok	Rožok (lävikkö, pukinsarvi) on tuohella päällystetty halkioputkinen puutrumpetti. Soittimessa on 3-5 sormiaukkoa, sekä lähes aina myös peukaloaukko hälytysäänien soittamista varten. Sormiaukkojen sijoittuminen vähitellen laajenevan kaikusuppilon ja puhalluspään lähelle on vaihdellut alueittain. Noin 40 cm pitkän ja laajimmillaan  5 cm paksun soitti'men rakennusaineena on käytetty mm. haapaa.	Trumpetit	Puutrumpetit	Sormiaukolliset puutrumpetit	
L100	3.B.2.1.1.	Trumpetit	Puutrumpetit	Sormiaukolliset puutrumpetit, Halkioputkiset, Suorat ja päällystetut		sormiaukollinen totto		#N/A									
L101	3.B.2.1.1.	Trumpetit				pikkutorvi		#N/A				Pikkutorvi	Pikkutorvi (paimentorvi) rakennetaan lepästä tai männystä vääntötekniikalla tai halkaisumenetelmällä. Trumpetin osat ovat 25 cm pitkä, halkaisijaltaan parisenttinen puuputki ja sen alapäähän tuohesta kierretty kaikusuppilo. Soittimessa on 4-6 taltalla tehtyä sormiaukkoa. (Ainoaa säilynyttä pikkutorvea säilytetään Kansallismuseossa.)	Trumpetit	Puutrumpetit	Sormiaukolliset puutrumpetit	
L102	3.B.2.1.2.	Trumpetit	Puutrumpetit	Sormiaukolliset puutrumpetit, Halkioputkiset, Suorat ja päällystetyt		lulletti		http://urn.fi/urn:nbn:fi:au:seko:00615		trumpettisoitin > puutrumpetti > lulletti	Suomalainen puinen trumpettisoitin.	Lulletti	Lulletti (paimentorvi) on noin 30 cm pitkä puutrumpetti. Osittain tai kokonaan tuohella päällystetty soitin on muodoltaan litteä ja lievästi käyrä. Puhallusaukko on sentin mittainen ja 3-6 sormiaukkoa ovat halkaisijaltaan 8-9 mm. Puusarvea on valmistettu ainakin lepästä, pajusta ja katajasta. Toisinaan lulletin alapuolelle on kaiverrettu pieni peukaloaukko hälytysäänien soittamista varten.	Trumpetit	Puutrumpetit	Sormiaukolliset puutrumpetit	
L103	3.B.2.2.1.	Trumpetit	Puutrumpetit	Sormiaukolliset puutrumpetit, Ehytputkiset, Käyrät		puusarvi		#N/A									
L104	3.C.1.	Trumpetit	Sarvitrumpetit	Sormiaukottomat sarvitrumpetit		häränsarvi		#N/A				Häränsarvi	Häränsarvi (mm. torvi, soittosarvi, rukoustorvi, ruokapilli, paimentorvi, luurupilli) on sonnin sarvesta valmistettu trumpettisoitin. Soittimiksi on usein valikoitu suurikokoisia sarvia.	Trumpetit			
L105	3.C.1.	Trumpetit	Sarvitrumpetit	Sormiaukottomat sarvitrumpetit		lehmänsarvi		#N/A				Lehmänsarvi	Lehmänsarvi (mm. torvi, soitinsarvi, tyytty ja tyyty) on sormiaukoton sarvitrumpetti.	Trumpetit	Sarvitrumpetit		
L106	3.C.1.	Trumpetit	Sarvitrumpetit	Sormiaukottomat sarvitrumpetit		sormiaukoton pukinsarvi		#N/A				Sormiaukollinen pukinsarvi	Sormiaukollinen pukinsarvi (mm. soitto- ja päkäränsarvi, paimentorvi ja tyyppä) on sarvitrumpetti, jonka keskiosassa on 2-6 sormiaukkoa. Soittimen ulkosyrjään on yleensä porattu 1-2 ripustusreikää.	Trumpetit	Sarvitrumpetit		
L107	3.C.2	Trumpetit	Sarvitrumpetit	Sormiaukolliset sarvitrumpetit		sormiaukollinen naudansarvi		#N/A	naudansarvi			Sormiaukollinen naudansarvi	Sormiaukollinen naudansarvi valmistetaan sonnin tai lehmän sarvesta.  Kärjen katkaisemisen jälkeen puhallusaukkoa on perinteisesti suurennettu polttamalla tarpeen mukaan. Sarvi on hiottu kauttaaltaan sileäksi ja sen oletettavasti 2-5 sormiaukkoa on valmistettu poraamalla.	Trumpetit	Sarvitrumpetit		
L108	3.C.2.	Trumpetit	Sarvitrumpetit	Sormiaukolliset sarvitrumpetit		pukinsarvi		http://urn.fi/urn:nbn:fi:au:seko:00806		vaskipuhallin > sarvi (puhallinsoitin) > pukinsarvi	Suomalainen pukin sarvesta valmistettu trumpettisoitin.	Pukinsarvi	Pukinsarvi (mm. soittosarvi, jääränsarvi, tyttyrlyy) on pukinsarvesta valmistettu trumpettisoitin, jonka pinta voi olla täysin koskematon tai sileäksi hiottu. Pukinsarviin on usein kaiverrettu valmistajan tai käyttäjän puumerkki ja vuosiluku.	Trumpetit	Sarvitrumpetit		
L109	4.A.1.	Vapaat aerofonit	Katkoaerofonit	Kaksikkolehdykät		yksisolmuinen putkipilli		#N/A	putkipilli			Yksisolmuinen putkipilli	Yksisolmuinen putkipilli (putki, töröpilli, putkiluikku ja -soittu) on putki- tai ruokokasvista valmistettu soitin, jossa kaksi pintaa värähtelee toisiaan vasten. Pillin puhalluspää on avoin ja alapään solmu on halkaistu muutaman sentin matkalta. Soittimen pituus on ollut yleensä 30-40 cm. Eripituisia ja-paksuisia putkipillejä on toisinaan soitettu samanaikaisesti.	Vapaat aerofonit	Katkoaerofonit	Kaksikkolehdykät	
L110	4.A.1.	Vapaat aerofonit	Katkoaerofonit	Kaksikkolehdykät		kaksisolmuinen putkipilli		#N/A	putkipilli			Kaksisolmuinen putkipilli	Kaksisolmuinen putkipilli (putki-, töröpilli, putkihuilu ja pirri) on putkikasvista valmistettu soitin. Sen keskellä on puhallusaukko ja kummassakin päässä umpinainen, muutaman sentin matkalta halkaistu solmu. Soittimen pituus, 20-40 cm, määräytyy putken mukaan. Kaksisolmuinen putkipilli on yksisolmuisesta esikuvastaan kehitetty muunnos. 	Vapaat aerofonit			
L111	4.A.1.	Vapaat aerofonit	Katkoaerofonit	Kaksikkolehdykät		viillosputkipilli		#N/A				Viillosputkipilli	Viillosputkipilli (putkipilli, låto, pipa, vissla) valmistetaan oljesta tai putkikasvista, jonka keskelle vuollaan muutaman sentin pitkittäinen viilto. Pillin puhalluspää on avoin ja alapää umpinainen.	Vapaat aerofonit	Katkoaerofonit	Kaksikkolehdykät	
L111	4.A.2.	Vapaat aerofonit	Katkoaerofonit	Yksikkölehdykät		karutsapilli		http://urn.fi/urn:nbn:fi:au:seko:00476		puupuhallin > karutsapilli	Suomalainen kansanomainen, puuputkesta ja pyöränkumista tehty pilli.	Karutsapilli	Karutsapilli (karutsatorvi) tehdään pingottamalla suikale pyörän sisäkumia, ilmapalloa tai muuta kimmoisaa kalvoa onton lankarullan tai puuputken toiseen päähän. Ääni syntyy puhaltamalla avonaisesta päästä. Karutsa-nimitys merkitsee kalvoa.	Vapaat aerofonit	Katkoaerofonit	Yksikkölehdykät	
L112	4.A.2.	Vapaat aerofonit	Katkoaerofonit	Yksikkölehdykät		tuohipilli		http://urn.fi/urn:nbn:fi:au:seko:01142		puhallinsoitin > tuohipilli	Suomalainen sormiaukoton tuohesta tehty puhallinsoitin.	Tuohipilli	Tuohipilli (tuohi, tuohenpala, tuohikieli, pärrä, lehti) voidaan valmistaa tuohen palasta tai puun lehdestä. Eri puulajeista suosituimpia ovat olleet paatsama, paju, koivu, haapa ja sireeni. Soitettaessa mitoiltaan 3 x 7 cm:n lehden kapeampi sivu värähtelee ylähuulta vasten.	Vapaat aerofonit	Katkoaerofonit	Yksikkölehdykät	
L114	4.A.3.	Vapaat aerofonit	Katkoaerofonit	Nauhalehdykät		nauhapilli		#N/A				Nauhapilli	Nauhapilli (heinä, sara-, ruohopilli, viilike) on soitin, joka syntyy peukaloiden väliin pingotetusta nauhasta. Nauhan materiaalina voi olla tuohi, ruoho, saraheinä tai puun lehti.	Vapaat aerofonit	Katkoaerofonit	Nauhalehdykät	
L115	4.A.3	Vapaat aerofonit	Katkoaerofonit	Nauhalehdykät		parkkipilli		#N/A				Parkkipilli	Parkkipilli (tuohihuilu, kaarnapilli, pärri) muodostuu ohuesta tuohinauhasta, joka pingotetaan kahden koivusta kiskotun  tukevan 7 cm x 3 cm  kaarnanpalan väliin. Lehdykkänä voi tuohen asemasta käyttää myös koivun tai ratamonlehteä.	Vapaat aerofonit	Katkoaerofonit	Nauhalehdykät	
L116	4.A.3.	Vapaat aerofonit	Katkoaerofonit	Nauhalehdykät		pärri		#N/A				Pärri	Pärri (pyypilli) on rakenteeltaan nauhalehdykkä, joka on pingotettu kahden kovan ja keskeltä koveran kappaleen väliin. Nauha voidaan tehdä tuohesta, kasvin lehdestä tai sian viertsarakosta; noin 5 cm:n pitkän soittimen runkomateriaaliksi sopii puu tai sarviluu.	Vapaat aerofonit	Katkoaerofonit	Nauhalehdykät	
L117	4.A.3.	Vapaat aerofonit	Katkoaerofonit	Nauhalehdykät		pykäläpilli		http://urn.fi/urn:nbn:fi:au:seko:00820		puupuhallin > lehdykkäpuhallinsoitin > pykäläpilli	Suomalainen kansanomainen, tuohisella kielellä varustettu pilli.	Pykäläpilli	Pykäläpilli (tuohi- ja pajupilli, pilli, pyypiisku, gräslåtå) on 5-10 cm pitkä soitin, jossa ohut, tuohinen lehdykkä puristetaan  runkopalassa olevaan 2 cm:n koloon siihen sopivalla puupalalla. Värähtelyraon pinnat on vuoltu hieman koveriksi. Pykäläpillejä on rakennettu mm. lepästä.	Vapaat aerofonit	Katkoaerofonit	Nauhalehdykät	
L118	4.A.3.	Vapaat aerofonit	Katkoaerofonit	Nauhalehdykät		pykäläpillisarja		#N/A				Pykäläpillisarja	Pykäläpillisarja on 15-30 cm pitkä, noin 2 cm paksu ja leveä soitin. Puupalikkaan tai rimaan on tehty 4-10 koloa, suuremmasta pienempään. Jokaisen kolon peittää tulppa, joka puristaa alleen ohuen tuohisuikaleen. Värähtelyraon pinnat on vuoltu hieman koveriksi.	Vapaat aerofonit	Katkoaerofonit	Nauhalehdykät	
L119	4.A.3.	Vapaat aerofonit	Katkoaerofonit	Nauhalehdykät		karhutorvi		#N/A				Karhutorvi	Karhutorvi (paimentorvi) muodostuu pykäläpillistä, jonka päähän on kierretty kaikusuppilo lepän kuoresta tai tuohesta. Pykäläpillin materiaalina on käytetty katajaa tai mäntyä, ja osat on kiinnitetty toisiinsa sulatetulla pihkalla. Kuoritorven alapään halkaisija on ollut noin 10 cm.	Vapaat aerofonit	Katkoaerofonit	Nauhalehdykät	
L120	5.A.1.	Mirlitonit	Putkimirlitonit			nynnypilli		http://urn.fi/urn:nbn:fi:au:seko:00707	laulurumpu	mirlitoni > nynnypilli	Suomalainen, kansanomainen, kasviputkesta valmistettu pilli, jonka kuoripeitteen alta paljastettu kalvo toimii värähtelijänä.	Nynnypilli	Nynnypilli (mm. ruoko-, kaisla-, soro- ja nyynypilli) on 10-20 cm pitkä, järvi- tai meriruo’on kuivuneesta varresta valmistettu putkimirlitoni eli laulurumpu. Molemmista päistään avonaisen ruo’on keskeltä tai kärjestä esiin vuoltu laajahko ohut kalvomainen pinta värittää ääntä pilliin hyräiltäessä.	Mirlitonit			
LUOKKA	?					olkipilli		http://urn.fi/urn:nbn:fi:au:seko:00723	olkipilli	puupuhallin > olkipilli	Kansanomainen, oljesta valmistettu puhallin.						
LUOKKA	0.	Aerofonit			4	aerofoni		http://urn.fi/urn:nbn:fi:au:seko:00801		esittäjä > ääni > soitin > puhallinsoitin	Yleisnimitys tähän soitinryhmään kuuluvista soittimista. Termiä on suositeltavaa käyttää, kun soitinta ei voi tarkemmin määritellä tai jos soittimia on niin monia, ettei niiden erittely ole tarkoituksenmukaista.						
LUOKKA	0.					puhallinsoitin		http://urn.fi/urn:nbn:fi:au:seko:00801	(aerofoni)	soitin > puhallinsoitin	Yleisnimitys tähän soitinryhmään kuuluvista soittimista. Termiä on suositeltavaa käyttää, kun soitinta ei voi tarkemmin määritellä tai jos soittimia on niin monia, ettei niiden erittely ole tarkoituksenmukaista.						
LUOKKA	1.A.+1.B.+1.C.	Huilut				tulppakanavahuilu		http://urn.fi/urn:nbn:fi:au:seko:01134		huilusoitin > tulppakanavahuilu	Huilusoitinten toinen päätyyppi. Tulppakanavahuilujen ääni syntyy ilmavirran ohjautuessa matalan puhalluskanavan kautta terävään särmään.						
LUOKKA	1.D.	Huilut				reunahuilu		http://urn.fi/urn:nbn:fi:au:seko:00851	ductless flute	huilusoitin > reunahuilu	Huilusoitinten toinen päätyyppi. Reunahuilujen ääni syntyy siten, että soittaja suuntaa ilmavirran huilun reunaan.						
LUOKKA	2.	Glottofonit eli lehdykkävärähtelijät				glottofoni		#N/A									
LUOKKA	2.B.	Glottofonit eli lehdykkävärähtelijät	Oboet		422.1	oboe		http://urn.fi/urn:nbn:fi:au:seko:00712		puhallinsoitin > puupuhallin > lehdykkäpuhallinsoitin > oboesoitin > oboe	Vastakkain värisevällä lehdykkäparilla varustettu puhallinsoitin.						
LUOKKA	3.	Trumpetit				torvi		http://urn.fi/urn:nbn:fi:au:seko:01171	vaskipuhallin	puhallinsoitin > vaskipuhallin	Yleisnimitys puhallinsoittimille, jotka on perinteisesti valmistettu messingistä tai muusta vastaavasta metallista.						
LUOKKA	3.	Trumpetit				torvisoitin		http://urn.fi/urn:nbn:fi:au:seko:01171	vaskipuhallin	puhallinsoitin > vaskipuhallin	Yleisnimitys puhallinsoittimille, jotka on perinteisesti valmistettu messingistä tai muusta vastaavasta metallista.						
LUOKKA	3.C.					sarvi		#N/A									
LUOKKA	5.	Mirlitonit				mirlitoni		http://urn.fi/urn:nbn:fi:au:seko:00671		puupuhallin > mirlitoni	Yleisnimitys välineille, joilla voidaan muunnella niihin syötettyä ihmisen tai soittimen ääntä. Tyypillisiä mirlitoneja ovat kampa ja kazoo.						
	3.B.	Trumpetit	Puutrumpetit			puutrumpetti		http://urn.fi/urn:nbn:fi:au:seko:00819		trumpettisoitin > puutrumpetti	Trumpettisoitin, joka rakennetaan ontosta puuputkesta.						
						umpinainen pitkähuilu - ?		#N/A				Umpinainen pitkähuilu	Umpinainen pitkähuilu on kuoriputkesta valmistettu pitkähuilu, jonka alapää on tukittu tulpalla. Pajusta rakennetun huilun pituus on 30-70 cm.	Huilut	Sylinterimäiset tai kartiomaiset tulppakanavahuilut	Pääpuhalteiset, kiinteätulppaiset kanavahuilut	Umpinaiset: osiorunkoiset